MaxBins,App,Time,Cost,NDistinct,Infs,Size,Placement
2,arFarming,0.022,490.5428,2,548,16,"({'mainDB': 'n10', 'imgQueue': 'n6', 'snsQueue': 'n6', 'ctrlQueue': 'n6', 'recognizer': 'n10', 'visualizer': 'n10', 'calibre': 'n6', 'rectify': 'n10', 'roiSel': 'n6'},)"
3,arFarming,0.023,46.4104,3,548,16,"({'mainDB': 'n14', 'imgQueue': 'n6', 'snsQueue': 'n6', 'ctrlQueue': 'n6', 'recognizer': 'n4', 'visualizer': 'n4', 'calibre': 'n6', 'rectify': 'n4', 'roiSel': 'n6'},)"
4,arFarming,0.022,46.4104,3,548,16,"({'mainDB': 'n14', 'imgQueue': 'n6', 'snsQueue': 'n6', 'ctrlQueue': 'n6', 'recognizer': 'n4', 'visualizer': 'n4', 'calibre': 'n6', 'rectify': 'n4', 'roiSel': 'n6'},)"
5,arFarming,0.023,46.4104,5,548,16,"({'mainDB': 'n14', 'imgQueue': 'n13', 'snsQueue': 'n13', 'ctrlQueue': 'n13', 'recognizer': 'n0', 'visualizer': 'n4', 'calibre': 'n13', 'rectify': 'n0', 'roiSel': 'n6'},)"
6,arFarming,0.023,46.4104,5,548,16,"({'mainDB': 'n14', 'imgQueue': 'n13', 'snsQueue': 'n13', 'ctrlQueue': 'n13', 'recognizer': 'n0', 'visualizer': 'n4', 'calibre': 'n13', 'rectify': 'n0', 'roiSel': 'n6'},)"
7,arFarming,0.023,46.4104,5,548,16,"({'mainDB': 'n14', 'imgQueue': 'n13', 'snsQueue': 'n13', 'ctrlQueue': 'n13', 'recognizer': 'n0', 'visualizer': 'n4', 'calibre': 'n13', 'rectify': 'n0', 'roiSel': 'n6'},)"
8,arFarming,0.023,46.4104,5,548,16,"({'mainDB': 'n14', 'imgQueue': 'n13', 'snsQueue': 'n13', 'ctrlQueue': 'n13', 'recognizer': 'n0', 'visualizer': 'n4', 'calibre': 'n13', 'rectify': 'n0', 'roiSel': 'n6'},)"
9,arFarming,0.023,46.4104,5,548,16,"({'mainDB': 'n14', 'imgQueue': 'n13', 'snsQueue': 'n13', 'ctrlQueue': 'n13', 'recognizer': 'n0', 'visualizer': 'n4', 'calibre': 'n13', 'rectify': 'n0', 'roiSel': 'n6'},)"
3,arFarming,0.054,34.3654,3,1412,32,"({'mainDB': 'n16', 'imgQueue': 'n6', 'snsQueue': 'n6', 'ctrlQueue': 'n6', 'recognizer': 'n13', 'visualizer': 'n13', 'calibre': 'n6', 'rectify': 'n13', 'roiSel': 'n6'},)"
4,arFarming,0.054,31.5814,4,1412,32,"({'mainDB': 'n16', 'imgQueue': 'n6', 'snsQueue': 'n6', 'ctrlQueue': 'n6', 'recognizer': 'n13', 'visualizer': 'n22', 'calibre': 'n6', 'rectify': 'n13', 'roiSel': 'n6'},)"
5,arFarming,0.054,31.566,5,1412,32,"({'mainDB': 'n16', 'imgQueue': 'n6', 'snsQueue': 'n6', 'ctrlQueue': 'n6', 'recognizer': 'n13', 'visualizer': 'n22', 'calibre': 'n18', 'rectify': 'n13', 'roiSel': 'n18'},)"
6,arFarming,0.054,31.566,6,1412,32,"({'mainDB': 'n16', 'imgQueue': 'n6', 'snsQueue': 'n6', 'ctrlQueue': 'n6', 'recognizer': 'n13', 'visualizer': 'n22', 'calibre': 'n18', 'rectify': 'n21', 'roiSel': 'n18'},)"
7,arFarming,0.054,31.566,6,1412,32,"({'mainDB': 'n16', 'imgQueue': 'n6', 'snsQueue': 'n6', 'ctrlQueue': 'n6', 'recognizer': 'n13', 'visualizer': 'n22', 'calibre': 'n18', 'rectify': 'n21', 'roiSel': 'n18'},)"
8,arFarming,0.054,31.566,6,1412,32,"({'mainDB': 'n16', 'imgQueue': 'n6', 'snsQueue': 'n6', 'ctrlQueue': 'n6', 'recognizer': 'n13', 'visualizer': 'n22', 'calibre': 'n18', 'rectify': 'n21', 'roiSel': 'n18'},)"
9,arFarming,0.054,31.566,6,1412,32,"({'mainDB': 'n16', 'imgQueue': 'n6', 'snsQueue': 'n6', 'ctrlQueue': 'n6', 'recognizer': 'n13', 'visualizer': 'n22', 'calibre': 'n18', 'rectify': 'n21', 'roiSel': 'n18'},)"
2,arFarming,0.212,490.5428,2,5898,64,"({'mainDB': 'n17', 'imgQueue': 'n24', 'snsQueue': 'n24', 'ctrlQueue': 'n24', 'recognizer': 'n17', 'visualizer': 'n17', 'calibre': 'n24', 'rectify': 'n17', 'roiSel': 'n24'},)"
3,arFarming,0.211,20.0442,3,5898,64,"({'mainDB': 'n13', 'imgQueue': 'n24', 'snsQueue': 'n24', 'ctrlQueue': 'n24', 'recognizer': 'n40', 'visualizer': 'n40', 'calibre': 'n24', 'rectify': 'n40', 'roiSel': 'n24'},)"
4,arFarming,0.208,20.0288,4,5898,64,"({'mainDB': 'n13', 'imgQueue': 'n3', 'snsQueue': 'n3', 'ctrlQueue': 'n3', 'recognizer': 'n40', 'visualizer': 'n40', 'calibre': 'n35', 'rectify': 'n13', 'roiSel': 'n35'},)"
5,arFarming,0.207,20.016,5,5898,64,"({'mainDB': 'n58', 'imgQueue': 'n3', 'snsQueue': 'n3', 'ctrlQueue': 'n3', 'recognizer': 'n40', 'visualizer': 'n40', 'calibre': 'n26', 'rectify': 'n32', 'roiSel': 'n26'},)"
6,arFarming,0.209,20.016,6,5898,64,"({'mainDB': 'n58', 'imgQueue': 'n3', 'snsQueue': 'n3', 'ctrlQueue': 'n3', 'recognizer': 'n40', 'visualizer': 'n60', 'calibre': 'n26', 'rectify': 'n32', 'roiSel': 'n26'},)"
7,arFarming,0.207,20.016,6,5898,64,"({'mainDB': 'n58', 'imgQueue': 'n3', 'snsQueue': 'n3', 'ctrlQueue': 'n3', 'recognizer': 'n40', 'visualizer': 'n60', 'calibre': 'n26', 'rectify': 'n32', 'roiSel': 'n26'},)"
8,arFarming,0.209,20.016,6,5898,64,"({'mainDB': 'n58', 'imgQueue': 'n3', 'snsQueue': 'n3', 'ctrlQueue': 'n3', 'recognizer': 'n40', 'visualizer': 'n60', 'calibre': 'n26', 'rectify': 'n32', 'roiSel': 'n26'},)"
9,arFarming,0.207,20.016,6,5898,64,"({'mainDB': 'n58', 'imgQueue': 'n3', 'snsQueue': 'n3', 'ctrlQueue': 'n3', 'recognizer': 'n40', 'visualizer': 'n60', 'calibre': 'n26', 'rectify': 'n32', 'roiSel': 'n26'},)"
2,arFarming,0.846,490.5428,2,21303,128,"({'mainDB': 'n9', 'imgQueue': 'n85', 'snsQueue': 'n85', 'ctrlQueue': 'n85', 'recognizer': 'n9', 'visualizer': 'n9', 'calibre': 'n85', 'rectify': 'n9', 'roiSel': 'n85'},)"
3,arFarming,0.844,20.0442,3,21303,128,"({'mainDB': 'n59', 'imgQueue': 'n85', 'snsQueue': 'n85', 'ctrlQueue': 'n85', 'recognizer': 'n110', 'visualizer': 'n110', 'calibre': 'n85', 'rectify': 'n110', 'roiSel': 'n85'},)"
4,arFarming,0.848,20.0288,4,21303,128,"({'mainDB': 'n105', 'imgQueue': 'n85', 'snsQueue': 'n85', 'ctrlQueue': 'n85', 'recognizer': 'n110', 'visualizer': 'n110', 'calibre': 'n2', 'rectify': 'n105', 'roiSel': 'n2'},)"
5,arFarming,0.89,20.016,5,21303,128,"({'mainDB': 'n59', 'imgQueue': 'n85', 'snsQueue': 'n85', 'ctrlQueue': 'n85', 'recognizer': 'n110', 'visualizer': 'n110', 'calibre': 'n48', 'rectify': 'n44', 'roiSel': 'n48'},)"
6,arFarming,0.845,20.016,6,21303,128,"({'mainDB': 'n59', 'imgQueue': 'n85', 'snsQueue': 'n85', 'ctrlQueue': 'n85', 'recognizer': 'n102', 'visualizer': 'n67', 'calibre': 'n48', 'rectify': 'n44', 'roiSel': 'n48'},)"
7,arFarming,0.848,20.016,7,21303,128,"({'mainDB': 'n59', 'imgQueue': 'n85', 'snsQueue': 'n85', 'ctrlQueue': 'n85', 'recognizer': 'n102', 'visualizer': 'n67', 'calibre': 'n123', 'rectify': 'n44', 'roiSel': 'n1'},)"
8,arFarming,0.838,20.016,8,21303,128,"({'mainDB': 'n59', 'imgQueue': 'n73', 'snsQueue': 'n85', 'ctrlQueue': 'n73', 'recognizer': 'n102', 'visualizer': 'n67', 'calibre': 'n123', 'rectify': 'n44', 'roiSel': 'n1'},)"
9,arFarming,0.847,20.016,8,21303,128,"({'mainDB': 'n59', 'imgQueue': 'n73', 'snsQueue': 'n85', 'ctrlQueue': 'n73', 'recognizer': 'n102', 'visualizer': 'n67', 'calibre': 'n123', 'rectify': 'n44', 'roiSel': 'n1'},)"
2,speakToMe,0.024,1823.6122,2,642,16,"({'textBucket': 'n10', 'audioBucket': 'n10', 'mainDB': 'n10', 'postQueue': 'n10', 'converter': 'n13', 'uploadPost': 'n10', 'metaPost': 'n13', 'publishPost': 'n10', 'convertTxt': 'n13', 'uploadAudio': 'n10', 'metaAudio': 'n13'},)"
3,speakToMe,0.024,124.5768,3,642,16,"({'textBucket': 'n14', 'audioBucket': 'n14', 'mainDB': 'n14', 'postQueue': 'n14', 'converter': 'n13', 'uploadPost': 'n4', 'metaPost': 'n13', 'publishPost': 'n4', 'convertTxt': 'n13', 'uploadAudio': 'n4', 'metaAudio': 'n13'},)"
4,speakToMe,0.024,124.5768,4,642,16,"({'textBucket': 'n14', 'audioBucket': 'n14', 'mainDB': 'n14', 'postQueue': 'n14', 'converter': 'n13', 'uploadPost': 'n0', 'metaPost': 'n13', 'publishPost': 'n4', 'convertTxt': 'n13', 'uploadAudio': 'n0', 'metaAudio': 'n13'},)"
5,speakToMe,0.024,124.5768,4,642,16,"({'textBucket': 'n14', 'audioBucket': 'n14', 'mainDB': 'n14', 'postQueue': 'n14', 'converter': 'n13', 'uploadPost': 'n0', 'metaPost': 'n13', 'publishPost': 'n4', 'convertTxt': 'n13', 'uploadAudio': 'n0', 'metaAudio': 'n13'},)"
6,speakToMe,0.025,124.5768,4,642,16,"({'textBucket': 'n14', 'audioBucket': 'n14', 'mainDB': 'n14', 'postQueue': 'n14', 'converter': 'n13', 'uploadPost': 'n0', 'metaPost': 'n13', 'publishPost': 'n4', 'convertTxt': 'n13', 'uploadAudio': 'n0', 'metaAudio': 'n13'},)"
7,speakToMe,0.024,124.5768,4,642,16,"({'textBucket': 'n14', 'audioBucket': 'n14', 'mainDB': 'n14', 'postQueue': 'n14', 'converter': 'n13', 'uploadPost': 'n0', 'metaPost': 'n13', 'publishPost': 'n4', 'convertTxt': 'n13', 'uploadAudio': 'n0', 'metaAudio': 'n13'},)"
8,speakToMe,0.024,124.5768,4,642,16,"({'textBucket': 'n14', 'audioBucket': 'n14', 'mainDB': 'n14', 'postQueue': 'n14', 'converter': 'n13', 'uploadPost': 'n0', 'metaPost': 'n13', 'publishPost': 'n4', 'convertTxt': 'n13', 'uploadAudio': 'n0', 'metaAudio': 'n13'},)"
9,speakToMe,0.025,124.5768,4,642,16,"({'textBucket': 'n14', 'audioBucket': 'n14', 'mainDB': 'n14', 'postQueue': 'n14', 'converter': 'n13', 'uploadPost': 'n0', 'metaPost': 'n13', 'publishPost': 'n4', 'convertTxt': 'n13', 'uploadAudio': 'n0', 'metaAudio': 'n13'},)"
10,speakToMe,0.024,124.5768,4,642,16,"({'textBucket': 'n14', 'audioBucket': 'n14', 'mainDB': 'n14', 'postQueue': 'n14', 'converter': 'n13', 'uploadPost': 'n0', 'metaPost': 'n13', 'publishPost': 'n4', 'convertTxt': 'n13', 'uploadAudio': 'n0', 'metaAudio': 'n13'},)"
11,speakToMe,0.024,124.5768,4,642,16,"({'textBucket': 'n14', 'audioBucket': 'n14', 'mainDB': 'n14', 'postQueue': 'n14', 'converter': 'n13', 'uploadPost': 'n0', 'metaPost': 'n13', 'publishPost': 'n4', 'convertTxt': 'n13', 'uploadAudio': 'n0', 'metaAudio': 'n13'},)"
2,speakToMe,0.057,249.5867,2,1708,32,"({'textBucket': 'n7', 'audioBucket': 'n7', 'mainDB': 'n7', 'postQueue': 'n7', 'converter': 'n2', 'uploadPost': 'n7', 'metaPost': 'n2', 'publishPost': 'n7', 'convertTxt': 'n2', 'uploadAudio': 'n7', 'metaAudio': 'n2'},)"
3,speakToMe,0.059,72.8057,3,1708,32,"({'textBucket': 'n16', 'audioBucket': 'n16', 'mainDB': 'n16', 'postQueue': 'n13', 'converter': 'n2', 'uploadPost': 'n13', 'metaPost': 'n2', 'publishPost': 'n13', 'convertTxt': 'n2', 'uploadAudio': 'n13', 'metaAudio': 'n2'},)"
4,speakToMe,0.058,72.8057,4,1708,32,"({'textBucket': 'n16', 'audioBucket': 'n16', 'mainDB': 'n16', 'postQueue': 'n7', 'converter': 'n2', 'uploadPost': 'n7', 'metaPost': 'n18', 'publishPost': 'n7', 'convertTxt': 'n18', 'uploadAudio': 'n7', 'metaAudio': 'n18'},)"
5,speakToMe,0.057,72.8057,5,1708,32,"({'textBucket': 'n16', 'audioBucket': 'n16', 'mainDB': 'n16', 'postQueue': 'n21', 'converter': 'n2', 'uploadPost': 'n21', 'metaPost': 'n18', 'publishPost': 'n7', 'convertTxt': 'n18', 'uploadAudio': 'n21', 'metaAudio': 'n18'},)"
6,speakToMe,0.057,72.8057,5,1708,32,"({'textBucket': 'n16', 'audioBucket': 'n16', 'mainDB': 'n16', 'postQueue': 'n21', 'converter': 'n2', 'uploadPost': 'n21', 'metaPost': 'n18', 'publishPost': 'n7', 'convertTxt': 'n18', 'uploadAudio': 'n21', 'metaAudio': 'n18'},)"
7,speakToMe,0.057,72.8057,5,1708,32,"({'textBucket': 'n16', 'audioBucket': 'n16', 'mainDB': 'n16', 'postQueue': 'n21', 'converter': 'n2', 'uploadPost': 'n21', 'metaPost': 'n18', 'publishPost': 'n7', 'convertTxt': 'n18', 'uploadAudio': 'n21', 'metaAudio': 'n18'},)"
8,speakToMe,0.06,72.8057,5,1708,32,"({'textBucket': 'n16', 'audioBucket': 'n16', 'mainDB': 'n16', 'postQueue': 'n21', 'converter': 'n2', 'uploadPost': 'n21', 'metaPost': 'n18', 'publishPost': 'n7', 'convertTxt': 'n18', 'uploadAudio': 'n21', 'metaAudio': 'n18'},)"
9,speakToMe,0.061,72.8057,5,1708,32,"({'textBucket': 'n16', 'audioBucket': 'n16', 'mainDB': 'n16', 'postQueue': 'n21', 'converter': 'n2', 'uploadPost': 'n21', 'metaPost': 'n18', 'publishPost': 'n7', 'convertTxt': 'n18', 'uploadAudio': 'n21', 'metaAudio': 'n18'},)"
10,speakToMe,0.06,72.8057,5,1708,32,"({'textBucket': 'n16', 'audioBucket': 'n16', 'mainDB': 'n16', 'postQueue': 'n21', 'converter': 'n2', 'uploadPost': 'n21', 'metaPost': 'n18', 'publishPost': 'n7', 'convertTxt': 'n18', 'uploadAudio': 'n21', 'metaAudio': 'n18'},)"
11,speakToMe,0.061,72.8057,5,1708,32,"({'textBucket': 'n16', 'audioBucket': 'n16', 'mainDB': 'n16', 'postQueue': 'n21', 'converter': 'n2', 'uploadPost': 'n21', 'metaPost': 'n18', 'publishPost': 'n7', 'convertTxt': 'n18', 'uploadAudio': 'n21', 'metaAudio': 'n18'},)"
2,arFarming,3.215,490.5428,2,77120,256,"({'mainDB': 'n122', 'imgQueue': 'n230', 'snsQueue': 'n230', 'ctrlQueue': 'n230', 'recognizer': 'n122', 'visualizer': 'n122', 'calibre': 'n230', 'rectify': 'n122', 'roiSel': 'n230'},)"
3,arFarming,3.074,24.6198,3,77120,256,"({'mainDB': 'n20', 'imgQueue': 'n182', 'snsQueue': 'n182', 'ctrlQueue': 'n182', 'recognizer': 'n67', 'visualizer': 'n67', 'calibre': 'n182', 'rectify': 'n67', 'roiSel': 'n182'},)"
4,arFarming,3.208,20.0442,4,77120,256,"({'mainDB': 'n63', 'imgQueue': 'n182', 'snsQueue': 'n182', 'ctrlQueue': 'n182', 'recognizer': 'n169', 'visualizer': 'n26', 'calibre': 'n182', 'rectify': 'n63', 'roiSel': 'n182'},)"
5,arFarming,3.167,20.0288,5,77120,256,"({'mainDB': 'n20', 'imgQueue': 'n230', 'snsQueue': 'n230', 'ctrlQueue': 'n230', 'recognizer': 'n169', 'visualizer': 'n26', 'calibre': 'n31', 'rectify': 'n169', 'roiSel': 'n31'},)"
6,arFarming,3.042,20.016,6,77120,256,"({'mainDB': 'n20', 'imgQueue': 'n38', 'snsQueue': 'n38', 'ctrlQueue': 'n38', 'recognizer': 'n169', 'visualizer': 'n26', 'calibre': 'n87', 'rectify': 'n131', 'roiSel': 'n87'},)"
7,arFarming,3.164,20.016,7,77120,256,"({'mainDB': 'n20', 'imgQueue': 'n61', 'snsQueue': 'n61', 'ctrlQueue': 'n61', 'recognizer': 'n169', 'visualizer': 'n26', 'calibre': 'n31', 'rectify': 'n131', 'roiSel': 'n14'},)"
8,arFarming,3.045,20.016,8,77120,256,"({'mainDB': 'n20', 'imgQueue': 'n104', 'snsQueue': 'n38', 'ctrlQueue': 'n104', 'recognizer': 'n169', 'visualizer': 'n26', 'calibre': 'n31', 'rectify': 'n131', 'roiSel': 'n14'},)"
9,arFarming,3.165,20.016,8,77120,256,"({'mainDB': 'n20', 'imgQueue': 'n104', 'snsQueue': 'n38', 'ctrlQueue': 'n104', 'recognizer': 'n169', 'visualizer': 'n26', 'calibre': 'n31', 'rectify': 'n131', 'roiSel': 'n14'},)"
2,speakToMe,0.23,124.6836,2,6916,64,"({'textBucket': 'n27', 'audioBucket': 'n27', 'mainDB': 'n27', 'postQueue': 'n27', 'converter': 'n3', 'uploadPost': 'n27', 'metaPost': 'n3', 'publishPost': 'n27', 'convertTxt': 'n3', 'uploadAudio': 'n27', 'metaAudio': 'n3'},)"
3,speakToMe,0.227,64.9858,3,6916,64,"({'textBucket': 'n13', 'audioBucket': 'n13', 'mainDB': 'n13', 'postQueue': 'n13', 'converter': 'n3', 'uploadPost': 'n15', 'metaPost': 'n3', 'publishPost': 'n15', 'convertTxt': 'n3', 'uploadAudio': 'n15', 'metaAudio': 'n3'},)"
4,speakToMe,0.228,64.3997,4,6916,64,"({'textBucket': 'n13', 'audioBucket': 'n13', 'mainDB': 'n13', 'postQueue': 'n13', 'converter': 'n3', 'uploadPost': 'n15', 'metaPost': 'n23', 'publishPost': 'n15', 'convertTxt': 'n23', 'uploadAudio': 'n15', 'metaAudio': 'n23'},)"
5,speakToMe,0.229,64.3997,5,6916,64,"({'textBucket': 'n58', 'audioBucket': 'n58', 'mainDB': 'n58', 'postQueue': 'n55', 'converter': 'n3', 'uploadPost': 'n32', 'metaPost': 'n26', 'publishPost': 'n32', 'convertTxt': 'n26', 'uploadAudio': 'n32', 'metaAudio': 'n26'},)"
6,speakToMe,0.23,64.3997,5,6916,64,"({'textBucket': 'n58', 'audioBucket': 'n58', 'mainDB': 'n58', 'postQueue': 'n55', 'converter': 'n3', 'uploadPost': 'n32', 'metaPost': 'n26', 'publishPost': 'n32', 'convertTxt': 'n26', 'uploadAudio': 'n32', 'metaAudio': 'n26'},)"
7,speakToMe,0.23,64.3997,5,6916,64,"({'textBucket': 'n58', 'audioBucket': 'n58', 'mainDB': 'n58', 'postQueue': 'n55', 'converter': 'n3', 'uploadPost': 'n32', 'metaPost': 'n26', 'publishPost': 'n32', 'convertTxt': 'n26', 'uploadAudio': 'n32', 'metaAudio': 'n26'},)"
8,speakToMe,0.229,64.3997,5,6916,64,"({'textBucket': 'n58', 'audioBucket': 'n58', 'mainDB': 'n58', 'postQueue': 'n55', 'converter': 'n3', 'uploadPost': 'n32', 'metaPost': 'n26', 'publishPost': 'n32', 'convertTxt': 'n26', 'uploadAudio': 'n32', 'metaAudio': 'n26'},)"
9,speakToMe,0.23,64.3997,5,6916,64,"({'textBucket': 'n58', 'audioBucket': 'n58', 'mainDB': 'n58', 'postQueue': 'n55', 'converter': 'n3', 'uploadPost': 'n32', 'metaPost': 'n26', 'publishPost': 'n32', 'convertTxt': 'n26', 'uploadAudio': 'n32', 'metaAudio': 'n26'},)"
10,speakToMe,0.23,64.3997,5,6916,64,"({'textBucket': 'n58', 'audioBucket': 'n58', 'mainDB': 'n58', 'postQueue': 'n55', 'converter': 'n3', 'uploadPost': 'n32', 'metaPost': 'n26', 'publishPost': 'n32', 'convertTxt': 'n26', 'uploadAudio': 'n32', 'metaAudio': 'n26'},)"
11,speakToMe,0.229,64.3997,5,6916,64,"({'textBucket': 'n58', 'audioBucket': 'n58', 'mainDB': 'n58', 'postQueue': 'n55', 'converter': 'n3', 'uploadPost': 'n32', 'metaPost': 'n26', 'publishPost': 'n32', 'convertTxt': 'n26', 'uploadAudio': 'n32', 'metaAudio': 'n26'},)"
2,speakToMe,1.021,124.6836,2,28755,128,"({'textBucket': 'n124', 'audioBucket': 'n124', 'mainDB': 'n124', 'postQueue': 'n124', 'converter': 'n82', 'uploadPost': 'n124', 'metaPost': 'n82', 'publishPost': 'n124', 'convertTxt': 'n82', 'uploadAudio': 'n124', 'metaAudio': 'n82'},)"
3,speakToMe,1.002,64.9858,3,28755,128,"({'textBucket': 'n105', 'audioBucket': 'n105', 'mainDB': 'n105', 'postQueue': 'n105', 'converter': 'n82', 'uploadPost': 'n122', 'metaPost': 'n82', 'publishPost': 'n122', 'convertTxt': 'n82', 'uploadAudio': 'n122', 'metaAudio': 'n82'},)"
4,speakToMe,1.002,64.3997,4,28755,128,"({'textBucket': 'n105', 'audioBucket': 'n105', 'mainDB': 'n105', 'postQueue': 'n105', 'converter': 'n82', 'uploadPost': 'n38', 'metaPost': 'n16', 'publishPost': 'n38', 'convertTxt': 'n16', 'uploadAudio': 'n38', 'metaAudio': 'n16'},)"
5,speakToMe,1.003,64.3997,5,28755,128,"({'textBucket': 'n59', 'audioBucket': 'n59', 'mainDB': 'n59', 'postQueue': 'n71', 'converter': 'n82', 'uploadPost': 'n38', 'metaPost': 'n16', 'publishPost': 'n38', 'convertTxt': 'n16', 'uploadAudio': 'n38', 'metaAudio': 'n16'},)"
6,speakToMe,0.999,64.3997,6,28755,128,"({'textBucket': 'n105', 'audioBucket': 'n105', 'mainDB': 'n105', 'postQueue': 'n71', 'converter': 'n82', 'uploadPost': 'n10', 'metaPost': 'n39', 'publishPost': 'n20', 'convertTxt': 'n39', 'uploadAudio': 'n10', 'metaAudio': 'n39'},)"
7,speakToMe,1.008,64.3997,6,28755,128,"({'textBucket': 'n105', 'audioBucket': 'n105', 'mainDB': 'n105', 'postQueue': 'n71', 'converter': 'n82', 'uploadPost': 'n10', 'metaPost': 'n39', 'publishPost': 'n20', 'convertTxt': 'n39', 'uploadAudio': 'n10', 'metaAudio': 'n39'},)"
8,speakToMe,0.977,64.3997,6,28755,128,"({'textBucket': 'n105', 'audioBucket': 'n105', 'mainDB': 'n105', 'postQueue': 'n71', 'converter': 'n82', 'uploadPost': 'n10', 'metaPost': 'n39', 'publishPost': 'n20', 'convertTxt': 'n39', 'uploadAudio': 'n10', 'metaAudio': 'n39'},)"
9,speakToMe,0.998,64.3997,6,28755,128,"({'textBucket': 'n105', 'audioBucket': 'n105', 'mainDB': 'n105', 'postQueue': 'n71', 'converter': 'n82', 'uploadPost': 'n10', 'metaPost': 'n39', 'publishPost': 'n20', 'convertTxt': 'n39', 'uploadAudio': 'n10', 'metaAudio': 'n39'},)"
10,speakToMe,0.974,64.3997,6,28755,128,"({'textBucket': 'n105', 'audioBucket': 'n105', 'mainDB': 'n105', 'postQueue': 'n71', 'converter': 'n82', 'uploadPost': 'n10', 'metaPost': 'n39', 'publishPost': 'n20', 'convertTxt': 'n39', 'uploadAudio': 'n10', 'metaAudio': 'n39'},)"
11,speakToMe,0.992,64.3997,6,28755,128,"({'textBucket': 'n105', 'audioBucket': 'n105', 'mainDB': 'n105', 'postQueue': 'n71', 'converter': 'n82', 'uploadPost': 'n10', 'metaPost': 'n39', 'publishPost': 'n20', 'convertTxt': 'n39', 'uploadAudio': 'n10', 'metaAudio': 'n39'},)"
2,speakToMe,3.308,243.7348,2,89601,256,"({'textBucket': 'n127', 'audioBucket': 'n127', 'mainDB': 'n127', 'postQueue': 'n127', 'converter': 'n22', 'uploadPost': 'n127', 'metaPost': 'n22', 'publishPost': 'n127', 'convertTxt': 'n22', 'uploadAudio': 'n127', 'metaAudio': 'n22'},)"
3,speakToMe,3.285,64.9858,3,89601,256,"({'textBucket': 'n63', 'audioBucket': 'n63', 'mainDB': 'n63', 'postQueue': 'n63', 'converter': 'n22', 'uploadPost': 'n126', 'metaPost': 'n22', 'publishPost': 'n126', 'convertTxt': 'n22', 'uploadAudio': 'n126', 'metaAudio': 'n22'},)"
4,speakToMe,3.245,64.3997,4,89601,256,"({'textBucket': 'n63', 'audioBucket': 'n63', 'mainDB': 'n63', 'postQueue': 'n63', 'converter': 'n22', 'uploadPost': 'n164', 'metaPost': 'n31', 'publishPost': 'n164', 'convertTxt': 'n31', 'uploadAudio': 'n164', 'metaAudio': 'n31'},)"
5,speakToMe,3.177,64.3997,5,89601,256,"({'textBucket': 'n63', 'audioBucket': 'n63', 'mainDB': 'n63', 'postQueue': 'n0', 'converter': 'n22', 'uploadPost': 'n130', 'metaPost': 'n70', 'publishPost': 'n130', 'convertTxt': 'n70', 'uploadAudio': 'n130', 'metaAudio': 'n70'},)"
6,speakToMe,3.209,64.3997,5,89601,256,"({'textBucket': 'n63', 'audioBucket': 'n63', 'mainDB': 'n63', 'postQueue': 'n0', 'converter': 'n22', 'uploadPost': 'n130', 'metaPost': 'n70', 'publishPost': 'n130', 'convertTxt': 'n70', 'uploadAudio': 'n130', 'metaAudio': 'n70'},)"
7,speakToMe,3.192,64.3997,5,89601,256,"({'textBucket': 'n63', 'audioBucket': 'n63', 'mainDB': 'n63', 'postQueue': 'n0', 'converter': 'n22', 'uploadPost': 'n130', 'metaPost': 'n70', 'publishPost': 'n130', 'convertTxt': 'n70', 'uploadAudio': 'n130', 'metaAudio': 'n70'},)"
8,speakToMe,3.232,64.3997,5,89601,256,"({'textBucket': 'n63', 'audioBucket': 'n63', 'mainDB': 'n63', 'postQueue': 'n0', 'converter': 'n22', 'uploadPost': 'n130', 'metaPost': 'n70', 'publishPost': 'n130', 'convertTxt': 'n70', 'uploadAudio': 'n130', 'metaAudio': 'n70'},)"
9,speakToMe,3.198,64.3997,5,89601,256,"({'textBucket': 'n63', 'audioBucket': 'n63', 'mainDB': 'n63', 'postQueue': 'n0', 'converter': 'n22', 'uploadPost': 'n130', 'metaPost': 'n70', 'publishPost': 'n130', 'convertTxt': 'n70', 'uploadAudio': 'n130', 'metaAudio': 'n70'},)"
10,speakToMe,3.202,64.3997,5,89601,256,"({'textBucket': 'n63', 'audioBucket': 'n63', 'mainDB': 'n63', 'postQueue': 'n0', 'converter': 'n22', 'uploadPost': 'n130', 'metaPost': 'n70', 'publishPost': 'n130', 'convertTxt': 'n70', 'uploadAudio': 'n130', 'metaAudio': 'n70'},)"
11,speakToMe,3.25,64.3997,5,89601,256,"({'textBucket': 'n63', 'audioBucket': 'n63', 'mainDB': 'n63', 'postQueue': 'n0', 'converter': 'n22', 'uploadPost': 'n130', 'metaPost': 'n70', 'publishPost': 'n130', 'convertTxt': 'n70', 'uploadAudio': 'n130', 'metaAudio': 'n70'},)"
2,distSecurity,0.013,586.322,2,268,16,"({'mainDB': 'n10', 'detector': 'n10', 'recognizer': 'n7', 'traje': 'n10', 'logger': 'n7'},)"
3,distSecurity,0.013,105.2548,3,268,16,"({'mainDB': 'n14', 'detector': 'n0', 'recognizer': 'n7', 'traje': 'n0', 'logger': 'n7'},)"
4,distSecurity,0.013,52.289,4,268,16,"({'mainDB': 'n14', 'detector': 'n0', 'recognizer': 'n13', 'traje': 'n0', 'logger': 'n6'},)"
5,distSecurity,0.013,52.289,4,268,16,"({'mainDB': 'n14', 'detector': 'n0', 'recognizer': 'n13', 'traje': 'n0', 'logger': 'n6'},)"
3,distSecurity,0.028,93.2098,3,801,32,"({'mainDB': 'n16', 'detector': 'n13', 'recognizer': 'n3', 'traje': 'n13', 'logger': 'n3'},)"
4,distSecurity,0.029,49.453,4,801,32,"({'mainDB': 'n16', 'detector': 'n13', 'recognizer': 'n0', 'traje': 'n13', 'logger': 'n19'},)"
5,distSecurity,0.029,49.453,5,801,32,"({'mainDB': 'n16', 'detector': 'n13', 'recognizer': 'n0', 'traje': 'n21', 'logger': 'n19'},)"
2,distSecurity,0.101,104.5668,2,3258,64,"({'mainDB': 'n29', 'detector': 'n29', 'recognizer': 'n36', 'traje': 'n29', 'logger': 'n36'},)"
3,distSecurity,0.102,49.935,3,3258,64,"({'mainDB': 'n58', 'detector': 'n40', 'recognizer': 'n36', 'traje': 'n40', 'logger': 'n36'},)"
4,distSecurity,0.101,21.7382,4,3258,64,"({'mainDB': 'n58', 'detector': 'n40', 'recognizer': 'n3', 'traje': 'n40', 'logger': 'n35'},)"
5,distSecurity,0.101,21.733,5,3258,64,"({'mainDB': 'n58', 'detector': 'n40', 'recognizer': 'n3', 'traje': 'n32', 'logger': 'n35'},)"
2,distSecurity,0.405,42.6291,2,12156,128,"({'mainDB': 'n127', 'detector': 'n127', 'recognizer': 'n114', 'traje': 'n127', 'logger': 'n114'},)"
3,distSecurity,0.404,24.6127,3,12156,128,"({'mainDB': 'n59', 'detector': 'n102', 'recognizer': 'n114', 'traje': 'n102', 'logger': 'n114'},)"
4,distSecurity,0.404,21.7382,4,12156,128,"({'mainDB': 'n59', 'detector': 'n110', 'recognizer': 'n121', 'traje': 'n110', 'logger': 'n103'},)"
5,distSecurity,0.404,21.733,5,12156,128,"({'mainDB': 'n105', 'detector': 'n71', 'recognizer': 'n121', 'traje': 'n10', 'logger': 'n39'},)"
2,distSecurity,1.521,39.7556,2,39618,256,"({'mainDB': 'n86', 'detector': 'n86', 'recognizer': 'n230', 'traje': 'n86', 'logger': 'n230'},)"
3,distSecurity,1.478,21.7392,3,39618,256,"({'mainDB': 'n245', 'detector': 'n0', 'recognizer': 'n182', 'traje': 'n0', 'logger': 'n182'},)"
4,distSecurity,1.538,21.734,4,39618,256,"({'mainDB': 'n245', 'detector': 'n169', 'recognizer': 'n230', 'traje': 'n96', 'logger': 'n230'},)"
5,distSecurity,1.474,21.733,5,39618,256,"({'mainDB': 'n63', 'detector': 'n0', 'recognizer': 'n182', 'traje': 'n130', 'logger': 'n87'},)"
2,arFarming,14.345,490.5428,2,327246,512,"({'mainDB': 'n100', 'imgQueue': 'n68', 'snsQueue': 'n68', 'ctrlQueue': 'n68', 'recognizer': 'n100', 'visualizer': 'n100', 'calibre': 'n68', 'rectify': 'n100', 'roiSel': 'n68'},)"
3,arFarming,14.941,20.0442,3,327246,512,"({'mainDB': 'n329', 'imgQueue': 'n425', 'snsQueue': 'n425', 'ctrlQueue': 'n425', 'recognizer': 'n24', 'visualizer': 'n329', 'calibre': 'n425', 'rectify': 'n24', 'roiSel': 'n425'},)"
4,arFarming,15.123,20.0288,4,327246,512,"({'mainDB': 'n107', 'imgQueue': 'n0', 'snsQueue': 'n0', 'ctrlQueue': 'n0', 'recognizer': 'n24', 'visualizer': 'n24', 'calibre': 'n295', 'rectify': 'n107', 'roiSel': 'n295'},)"
5,arFarming,14.427,20.016,5,327246,512,"({'mainDB': 'n199', 'imgQueue': 'n334', 'snsQueue': 'n334', 'ctrlQueue': 'n334', 'recognizer': 'n414', 'visualizer': 'n199', 'calibre': 'n358', 'rectify': 'n160', 'roiSel': 'n358'},)"
6,arFarming,14.759,20.016,6,327246,512,"({'mainDB': 'n199', 'imgQueue': 'n0', 'snsQueue': 'n0', 'ctrlQueue': 'n150', 'recognizer': 'n414', 'visualizer': 'n199', 'calibre': 'n209', 'rectify': 'n47', 'roiSel': 'n209'},)"
7,arFarming,14.862,20.016,7,327246,512,"({'mainDB': 'n199', 'imgQueue': 'n334', 'snsQueue': 'n334', 'ctrlQueue': 'n150', 'recognizer': 'n414', 'visualizer': 'n199', 'calibre': 'n358', 'rectify': 'n47', 'roiSel': 'n209'},)"
8,arFarming,14.893,20.016,8,327246,512,"({'mainDB': 'n199', 'imgQueue': 'n425', 'snsQueue': 'n334', 'ctrlQueue': 'n150', 'recognizer': 'n414', 'visualizer': 'n199', 'calibre': 'n358', 'rectify': 'n47', 'roiSel': 'n209'},)"
9,arFarming,14.55,20.016,9,327246,512,"({'mainDB': 'n380', 'imgQueue': 'n425', 'snsQueue': 'n334', 'ctrlQueue': 'n150', 'recognizer': 'n414', 'visualizer': 'n329', 'calibre': 'n358', 'rectify': 'n47', 'roiSel': 'n209'},)"
2,speakToMe,16.237,124.6836,2,411907,512,"({'textBucket': 'n213', 'audioBucket': 'n213', 'mainDB': 'n213', 'postQueue': 'n213', 'converter': 'n265', 'uploadPost': 'n213', 'metaPost': 'n265', 'publishPost': 'n213', 'convertTxt': 'n265', 'uploadAudio': 'n213', 'metaAudio': 'n265'},)"
3,speakToMe,15.996,64.9858,3,411907,512,"({'textBucket': 'n107', 'audioBucket': 'n107', 'mainDB': 'n107', 'postQueue': 'n107', 'converter': 'n265', 'uploadPost': 'n87', 'metaPost': 'n265', 'publishPost': 'n87', 'convertTxt': 'n265', 'uploadAudio': 'n87', 'metaAudio': 'n265'},)"
4,speakToMe,15.927,64.3997,4,411907,512,"({'textBucket': 'n107', 'audioBucket': 'n107', 'mainDB': 'n107', 'postQueue': 'n107', 'converter': 'n17', 'uploadPost': 'n3', 'metaPost': 'n109', 'publishPost': 'n3', 'convertTxt': 'n109', 'uploadAudio': 'n3', 'metaAudio': 'n109'},)"
5,speakToMe,16.37,64.3997,5,411907,512,"({'textBucket': 'n322', 'audioBucket': 'n322', 'mainDB': 'n322', 'postQueue': 'n43', 'converter': 'n176', 'uploadPost': 'n366', 'metaPost': 'n216', 'publishPost': 'n366', 'convertTxt': 'n216', 'uploadAudio': 'n366', 'metaAudio': 'n216'},)"
6,speakToMe,16.055,64.3997,5,411907,512,"({'textBucket': 'n322', 'audioBucket': 'n322', 'mainDB': 'n322', 'postQueue': 'n43', 'converter': 'n176', 'uploadPost': 'n366', 'metaPost': 'n216', 'publishPost': 'n366', 'convertTxt': 'n216', 'uploadAudio': 'n366', 'metaAudio': 'n216'},)"
7,speakToMe,16.089,64.3997,5,411907,512,"({'textBucket': 'n322', 'audioBucket': 'n322', 'mainDB': 'n322', 'postQueue': 'n43', 'converter': 'n176', 'uploadPost': 'n366', 'metaPost': 'n216', 'publishPost': 'n366', 'convertTxt': 'n216', 'uploadAudio': 'n366', 'metaAudio': 'n216'},)"
8,speakToMe,16.144,64.3997,5,411907,512,"({'textBucket': 'n322', 'audioBucket': 'n322', 'mainDB': 'n322', 'postQueue': 'n43', 'converter': 'n176', 'uploadPost': 'n366', 'metaPost': 'n216', 'publishPost': 'n366', 'convertTxt': 'n216', 'uploadAudio': 'n366', 'metaAudio': 'n216'},)"
9,speakToMe,15.828,64.3997,5,411907,512,"({'textBucket': 'n322', 'audioBucket': 'n322', 'mainDB': 'n322', 'postQueue': 'n43', 'converter': 'n176', 'uploadPost': 'n366', 'metaPost': 'n216', 'publishPost': 'n366', 'convertTxt': 'n216', 'uploadAudio': 'n366', 'metaAudio': 'n216'},)"
10,speakToMe,16.026,64.3997,5,411907,512,"({'textBucket': 'n322', 'audioBucket': 'n322', 'mainDB': 'n322', 'postQueue': 'n43', 'converter': 'n176', 'uploadPost': 'n366', 'metaPost': 'n216', 'publishPost': 'n366', 'convertTxt': 'n216', 'uploadAudio': 'n366', 'metaAudio': 'n216'},)"
11,speakToMe,15.817,64.3997,5,411907,512,"({'textBucket': 'n322', 'audioBucket': 'n322', 'mainDB': 'n322', 'postQueue': 'n43', 'converter': 'n176', 'uploadPost': 'n366', 'metaPost': 'n216', 'publishPost': 'n366', 'convertTxt': 'n216', 'uploadAudio': 'n366', 'metaAudio': 'n216'},)"
2,distSecurity,7.268,42.6291,2,167132,512,"({'mainDB': 'n389', 'detector': 'n389', 'recognizer': 'n375', 'traje': 'n389', 'logger': 'n375'},)"
3,distSecurity,7.372,24.6127,3,167132,512,"({'mainDB': 'n107', 'detector': 'n263', 'recognizer': 'n225', 'traje': 'n263', 'logger': 'n225'},)"
4,distSecurity,7.475,21.7382,4,167132,512,"({'mainDB': 'n107', 'detector': 'n37', 'recognizer': 'n0', 'traje': 'n37', 'logger': 'n249'},)"
5,distSecurity,7.275,21.733,5,167132,512,"({'mainDB': 'n322', 'detector': 'n197', 'recognizer': 'n0', 'traje': 'n366', 'logger': 'n216'},)"
